-- phpMyAdmin SQL Dump
-- version 3.5.1
-- http://www.phpmyadmin.net
--
-- Host: localhost
-- Generation Time: Nov 15, 2012 at 11:33 AM
-- Server version: 5.5.24-log
-- PHP Version: 5.4.3

SET SQL_MODE="NO_AUTO_VALUE_ON_ZERO";
SET time_zone = "+00:00";


/*!40101 SET @OLD_CHARACTER_SET_CLIENT=@@CHARACTER_SET_CLIENT */;
/*!40101 SET @OLD_CHARACTER_SET_RESULTS=@@CHARACTER_SET_RESULTS */;
/*!40101 SET @OLD_COLLATION_CONNECTION=@@COLLATION_CONNECTION */;
/*!40101 SET NAMES utf8 */;

--
-- Database: `jxd1827`
--

-- --------------------------------------------------------

--
-- Table structure for table `board`
--

CREATE TABLE IF NOT EXISTS `board` (
  `id_board` int(11) NOT NULL AUTO_INCREMENT,
  `id_game` int(11) DEFAULT NULL,
  `board` varchar(45) DEFAULT NULL,
  `turn` varchar(45) DEFAULT NULL,
  PRIMARY KEY (`id_board`)
) ENGINE=InnoDB DEFAULT CHARSET=latin1 AUTO_INCREMENT=1 ;

-- --------------------------------------------------------

--
-- Table structure for table `challenges`
--

CREATE TABLE IF NOT EXISTS `challenges` (
  `id_challenges` int(11) NOT NULL AUTO_INCREMENT,
  `player_0` int(11) DEFAULT NULL,
  `player_1` int(11) DEFAULT NULL,
  `gameId` int(11) DEFAULT NULL,
  `state` enum('W','A','D') DEFAULT 'W' COMMENT 'waiting-W, accepted-A, or declined-D',
  PRIMARY KEY (`id_challenges`)
) ENGINE=InnoDB  DEFAULT CHARSET=latin1 AUTO_INCREMENT=35 ;

--
-- Dumping data for table `challenges`
--

INSERT INTO `challenges` (`id_challenges`, `player_0`, `player_1`, `gameId`, `state`) VALUES
(1, 12, 13, 20, 'A'),
(3, 13, 12, 13, 'A'),
(4, 23, 224, NULL, 'W'),
(5, 12, 13, 20, 'A'),
(6, 12, 13, 20, 'A'),
(7, 12, 13, 20, 'A'),
(8, 12, 13, 20, 'A'),
(9, 12, 13, 20, 'A'),
(10, 13, 12, 13, 'A'),
(11, 13, 12, 13, 'A'),
(12, 13, 12, 13, 'A'),
(13, 12, 13, 20, 'A'),
(14, 12, 13, 20, 'A'),
(15, 15, 11, 4, 'A'),
(16, 15, 11, 4, 'A'),
(17, 15, 11, 4, 'A'),
(18, 12, 13, 20, 'A'),
(19, 12, 13, 20, 'A'),
(20, 14, 12, 13, 'A'),
(21, 13, 12, 13, 'A'),
(22, 15, 12, 13, 'A'),
(23, 15, 12, 13, 'A'),
(24, 13, 12, 13, 'A'),
(25, 13, 12, 13, 'A'),
(26, 13, 12, 13, 'A'),
(27, 13, 12, 13, 'A'),
(28, 12, 15, 16, 'A'),
(29, 12, 13, 20, 'A'),
(30, 12, 15, 16, 'A'),
(31, 12, 13, 20, 'A'),
(32, 12, 13, 20, 'A'),
(33, 12, 13, 20, 'A'),
(34, 12, 13, 20, 'A');

-- --------------------------------------------------------

--
-- Table structure for table `chat`
--

CREATE TABLE IF NOT EXISTS `chat` (
  `id_chat` int(11) NOT NULL AUTO_INCREMENT,
  `id_user` varchar(45) DEFAULT NULL,
  `message` varchar(45) DEFAULT NULL,
  `time_stamp` timestamp NULL DEFAULT CURRENT_TIMESTAMP ON UPDATE CURRENT_TIMESTAMP,
  `room` int(11) DEFAULT NULL,
  PRIMARY KEY (`id_chat`)
) ENGINE=InnoDB  DEFAULT CHARSET=latin1 AUTO_INCREMENT=298 ;

--
-- Dumping data for table `chat`
--

INSERT INTO `chat` (`id_chat`, `id_user`, `message`, `time_stamp`, `room`) VALUES
(53, '13', 'sd', '2012-11-11 04:49:50', 0),
(54, '13', 'asdasdsad', '2012-11-11 04:49:53', 0),
(55, '13', 'sdfsdfsd', '2012-11-11 04:50:52', 0),
(56, '13', 'q', '2012-11-11 04:50:56', 0),
(57, '13', 'jean', '2012-11-11 04:51:01', 0),
(58, '13', 'yooo', '2012-11-11 04:51:05', 0),
(59, '13', 'WTF', '2012-11-11 04:51:09', 0),
(60, '13', 'i don''t get ot', '2012-11-11 04:51:22', 0),
(61, '13', 'dsfsdf', '2012-11-11 04:57:39', 0),
(62, '13', 'sdfs', '2012-11-11 04:57:42', 0),
(63, '13', '&lt;script&gt;alert(&#039;yoooo&#039;)&lt;/sc', '2012-11-11 04:58:10', 0),
(64, '13', 'asdasfd', '2012-11-11 04:58:24', 0),
(65, '13', 'sdfsdfsdfs', '2012-11-11 04:58:25', 0),
(66, '13', 'fdsfsdfdsf', '2012-11-11 04:58:26', 0),
(67, '13', 'ENT_QUOTES', '2012-11-11 04:58:36', 0),
(68, '13', '&lt;script&gt;alert(&#039;yoooo&#039;)&lt;/sc', '2012-11-11 04:58:54', 0),
(69, '13', 'alert(&#39;yoooo&#39;)', '2012-11-11 05:00:49', 0),
(70, '13', 'awesome mofos', '2012-11-11 05:01:03', 0),
(71, '13', '---1=1', '2012-11-11 05:01:22', 0),
(72, '13', 'alert(&#39;yoooo&#39;)', '2012-11-11 05:13:17', 0),
(73, '12', 'wtf', '2012-11-11 05:14:59', 0),
(74, '12', 'haha i&#39;m nice ', '2012-11-11 05:15:09', 0),
(75, '12', 'sadasds', '2012-11-11 05:15:27', 0),
(76, '12', 'asdasasd', '2012-11-11 05:15:28', 0),
(77, '12', 'alert(&#39;heeere&#39;);', '2012-11-11 05:15:48', 0),
(78, '12', 'heyyy', '2012-11-11 05:23:22', 0),
(79, '11', 'csdasfsdf', '2012-11-11 05:27:27', 0),
(80, '11', 'sdsafa', '2012-11-11 05:27:29', 0),
(81, '13', 'dsfsdf', '2012-11-11 05:40:53', 0),
(82, '13', 'asdasdad', '2012-11-11 05:40:55', 0),
(83, '13', 'sdfsfs', '2012-11-11 05:48:16', 0),
(84, '13', 'sdfsdfds', '2012-11-11 05:48:17', 0),
(85, '13', 'wwwwwwwwwww', '2012-11-11 05:48:23', 0),
(86, '13', 'qqqq', '2012-11-11 05:48:42', 0),
(87, '13', 'qqqqq', '2012-11-11 05:48:46', 0),
(88, '13', 'wqw', '2012-11-11 05:50:41', 0),
(89, '13', 'wqwqw', '2012-11-11 05:50:46', 0),
(90, '13', 'dsfs', '2012-11-11 05:57:57', 0),
(91, '15', 'asdasd', '2012-11-11 06:05:51', 0),
(92, '15', 'werwerwerewrewrwerwe', '2012-11-11 06:05:55', 0),
(93, '15', 'rewrewrwerwrerw', '2012-11-11 06:05:57', 0),
(94, '15', 'yooooooooo', '2012-11-11 06:06:03', 0),
(95, '15', 'WTFDDD', '2012-11-11 06:06:06', 0),
(96, '15', 'asas', '2012-11-11 06:06:57', 0),
(97, '15', 'sasa', '2012-11-11 06:06:59', 0),
(98, '14', 'qwqweqwewq', '2012-11-11 06:18:58', 0),
(99, '14', 'qwewqeqwewq', '2012-11-11 06:19:00', 0),
(100, '12', 'asdadfa', '2012-11-11 06:48:19', 0),
(101, '12', 'sfsdfds', '2012-11-11 06:48:25', 0),
(102, '12', 'YOOOO', '2012-11-11 06:48:38', 0),
(103, '12', 'asDADASDSAFDSAFDSG', '2012-11-11 06:49:38', 0),
(104, '12', 'DSAFGDSAFG', '2012-11-11 06:49:39', 0),
(105, '12', 'SDGFSDA', '2012-11-11 06:49:39', 0),
(106, '12', 'FGD', '2012-11-11 06:49:39', 0),
(107, '12', 'SFG', '2012-11-11 06:49:39', 0),
(108, '12', 'SDAFG', '2012-11-11 06:49:40', 0),
(109, '12', 'ASDFG', '2012-11-11 06:49:40', 0),
(110, '12', 'FDS', '2012-11-11 06:49:40', 0),
(111, '12', 'GD', '2012-11-11 06:49:40', 0),
(112, '12', 'AFG', '2012-11-11 06:49:40', 0),
(113, '12', 'FD', '2012-11-11 06:49:41', 0),
(114, '12', 'GDAGASDFGA', '2012-11-11 06:49:42', 0),
(115, '12', 'ASDADA', '2012-11-11 06:50:40', 0),
(116, '12', 'THIS IS JEAN', '2012-11-11 06:52:30', 0),
(117, '12', 'EWEWE', '2012-11-11 06:52:35', 0),
(118, '12', 'WEWE', '2012-11-11 06:52:36', 0),
(119, '12', 'EWWEREWRWER', '2012-11-11 06:52:38', 0),
(120, '12', 'EWREWRWERWER', '2012-11-11 06:52:39', 0),
(121, '12', 'asdasd', '2012-11-11 07:07:28', 0),
(122, '12', 'hey', '2012-11-11 07:08:23', 0),
(123, '12', 'dsd', '2012-11-11 07:09:13', 0),
(124, '12', 'sdsdsfsdfds', '2012-11-11 07:09:19', 0),
(125, '12', 'sdfsdfsdfsfd', '2012-11-11 07:09:20', 0),
(126, '12', 'WTFF', '2012-11-11 07:09:24', 0),
(127, '12', 'aASSSA', '2012-11-11 07:10:44', 0),
(128, '12', 'ASDASDAS', '2012-11-11 07:13:13', 0),
(129, '12', 'SDFS', '2012-11-11 07:13:16', 0),
(130, '12', 'lsdfsdf', '2012-11-11 07:13:17', 0),
(131, '12', 'wjat ', '2012-11-11 07:13:19', 0),
(132, '12', 'what ', '2012-11-11 07:13:21', 0),
(133, '12', 'hey ', '2012-11-11 07:13:23', 0),
(134, '12', 'this shit is instant ', '2012-11-11 07:13:31', 0),
(135, '12', 'sdfsdf', '2012-11-11 07:13:32', 0),
(136, '12', 'sfjea', '2012-11-11 07:13:33', 0),
(137, '12', 'dasdfsa', '2012-11-11 07:13:33', 0),
(138, '12', 'f', '2012-11-11 07:13:33', 0),
(139, '12', 'ds', '2012-11-11 07:13:34', 0),
(140, '12', 'g', '2012-11-11 07:13:34', 0),
(141, '12', 'dsf', '2012-11-11 07:13:34', 0),
(142, '12', 's', '2012-11-11 07:13:34', 0),
(143, '12', 'af', '2012-11-11 07:13:34', 0),
(144, '12', 'asd', '2012-11-11 07:13:34', 0),
(145, '12', 'g', '2012-11-11 07:13:35', 0),
(146, '12', 'df', '2012-11-11 07:13:35', 0),
(147, '12', 'asdsadffdsafs', '2012-11-11 07:14:01', 0),
(148, '12', 'sdfsdf', '2012-11-11 07:14:05', 0),
(149, '12', 'now it&#39;s slow', '2012-11-11 07:14:12', 0),
(150, '12', 'sdfsdf', '2012-11-11 07:14:14', 0),
(151, '12', 'dsfdsfsf', '2012-11-11 07:14:15', 0),
(152, '12', 'fdsfsdfsfddsfdsfsadfasdfas', '2012-11-11 07:14:17', 0),
(153, '12', 'fsafdsafsagsgafgadgfg', '2012-11-11 07:14:20', 0),
(154, '12', 'asdsafdsfds', '2012-11-11 07:14:48', 0),
(155, '12', 'sdfdsfsdaafsdfa', '2012-11-11 07:14:51', 0),
(156, '12', 'dfdsf', '2012-11-11 07:16:25', 0),
(157, '12', 'sdfsdfsfdsf', '2012-11-11 07:16:26', 0),
(158, '14', 'cool', '2012-11-11 07:17:12', 0),
(159, '14', 'asdadf', '2012-11-11 07:17:13', 0),
(160, '14', 'afsdfasf', '2012-11-11 07:17:14', 0),
(161, '14', 'dsfsadfsafsaf', '2012-11-11 07:17:16', 0),
(162, '14', 'what&#39;s going on ', '2012-11-11 07:17:25', 0),
(163, '14', 'cool', '2012-11-11 07:17:38', 0),
(164, '14', 'jkjmdfsdfsd', '2012-11-11 07:17:41', 0),
(165, '12', 'dsfsdf', '2012-11-11 07:17:44', 0),
(166, '15', 'asdasdasd', '2012-11-11 07:19:38', 0),
(167, '15', 'asdasdadads', '2012-11-11 07:19:39', 0),
(168, '15', 'asddasdasdasdsadasfsafdsfasd', '2012-11-11 07:19:42', 0),
(169, '14', 'fsdfgsdgdsg', '2012-11-11 07:19:56', 0),
(170, '14', 'sdssggsdfgdsfgsdfgdf', '2012-11-11 07:20:02', 0),
(171, '14', 'dasdadasda', '2012-11-11 07:20:04', 0),
(172, '14', 'hey', '2012-11-11 07:20:06', 0),
(173, '14', 'yo wah gwan brethren', '2012-11-11 07:20:14', 0),
(174, '15', 'jey', '2012-11-11 07:25:12', 0),
(175, '15', 'sdasdas', '2012-11-11 07:35:12', 0),
(176, '15', 'ok ', '2012-11-11 07:37:22', 0),
(177, '12', 'dfsf', '2012-11-11 08:43:02', 0),
(178, '12', 'cool', '2012-11-11 08:43:06', 0),
(179, '12', 'asfsafd', '2012-11-11 08:47:17', 0),
(180, '12', 'fdsgdgdsgdgdgdsgdsgsdfgd', '2012-11-11 08:47:20', 0),
(181, '12', 'saff', '2012-11-11 18:21:35', 0),
(182, '12', 'xcfxzvxzv', '2012-11-11 19:04:25', 0),
(183, '12', '2323', '2012-11-11 19:18:19', 0),
(184, '12', 'safasf', '2012-11-12 02:45:18', 0),
(185, '12', 'dsfsdfs', '2012-11-12 02:45:18', 0),
(186, '12', 'sdfsdfsfsfs', '2012-11-12 02:45:20', 0),
(187, '15', 'cool', '2012-11-12 02:45:46', 0),
(188, '15', '::-)', '2012-11-12 02:45:52', 0),
(189, '12', 'efwefwerf', '2012-11-12 03:17:29', 0),
(190, '12', 'safd', '2012-11-12 04:22:29', 0),
(191, '12', 'sdfdsfdsf', '2012-11-12 04:22:31', 0),
(192, '12', 'dsfs', '2012-11-12 04:22:31', 0),
(193, '12', 'WTF', '2012-11-12 04:22:35', 0),
(194, '10', 'gfh', '2012-11-14 03:57:17', 38),
(195, '10', 'sdasdsa', '2012-11-14 04:34:09', 38),
(196, '10', 'das', '2012-11-14 04:34:10', 38),
(197, '10', 'fsad', '2012-11-14 04:34:10', 38),
(198, '10', 'fds', '2012-11-14 04:34:10', 38),
(199, '10', 'fs', '2012-11-14 04:34:11', 38),
(200, '10', 'dfs', '2012-11-14 04:34:11', 38),
(201, '10', 'fs', '2012-11-14 04:34:11', 38),
(202, '10', 'fsd', '2012-11-14 04:34:12', 38),
(203, '10', 'fds', '2012-11-14 04:34:12', 38),
(204, '10', 'fds', '2012-11-14 04:34:12', 38),
(205, '10', 'fdsf', '2012-11-14 04:34:13', 38),
(206, '10', 'sd', '2012-11-14 04:34:13', 38),
(207, '10', 'fsf', '2012-11-14 04:34:13', 38),
(208, '10', 'sdf', '2012-11-14 04:34:14', 38),
(209, '10', 'sdfsd', '2012-11-14 04:34:14', 38),
(210, '10', 'sd', '2012-11-14 04:34:15', 38),
(211, '10', 'dfdsf', '2012-11-14 06:25:17', 38),
(212, '10', 'sdfasfd', '2012-11-14 06:25:18', 38),
(213, '10', 'dasfdsafsdf', '2012-11-14 06:25:22', 38),
(214, '10', 'fsadf', '2012-11-14 06:25:23', 38),
(215, '10', 'asdfsa', '2012-11-14 06:25:23', 38),
(216, '10', 'fsa', '2012-11-14 06:25:23', 38),
(217, '10', 'fs', '2012-11-14 06:25:24', 38),
(218, '10', 'df', '2012-11-14 06:25:24', 38),
(219, '10', 'safds', '2012-11-14 06:25:24', 38),
(220, '10', 'fsf', '2012-11-14 06:25:25', 38),
(221, '10', 'd', '2012-11-14 06:25:25', 38),
(222, '10', 'fsdf', '2012-11-14 06:25:26', 38),
(223, '10', 'sdfsa', '2012-11-14 06:25:26', 38),
(224, '10', 'dfdsa', '2012-11-14 06:25:26', 38),
(225, '10', 'fsafds', '2012-11-14 06:25:27', 38),
(226, '10', 'afdsa', '2012-11-14 06:25:28', 38),
(227, '10', 'fsd', '2012-11-14 06:25:28', 38),
(228, '10', 'fsad', '2012-11-14 06:25:28', 38),
(229, '10', 'fsaf', '2012-11-14 06:25:29', 38),
(230, '10', 'asdfsd', '2012-11-14 06:25:29', 38),
(231, '10', 'fsd', '2012-11-14 06:25:30', 38),
(232, '10', 'fsad', '2012-11-14 06:25:30', 38),
(233, '10', 'fsd', '2012-11-14 06:25:30', 38),
(234, '10', 'fasd', '2012-11-14 06:25:31', 38),
(235, '10', 'fds', '2012-11-14 06:25:31', 38),
(236, '10', 'fas', '2012-11-14 06:25:32', 38),
(237, '10', 'df', '2012-11-14 06:25:32', 38),
(238, '10', 'sa', '2012-11-14 06:25:32', 38),
(239, '10', 'Yooooo', '2012-11-14 06:25:36', 38),
(240, '10', 'WTF', '2012-11-14 06:25:39', 38),
(241, '10', 'werwer', '2012-11-14 06:25:48', 37),
(242, '10', 'rwerwer', '2012-11-14 06:25:50', 37),
(243, '10', 'ewrwerwerwer', '2012-11-14 06:25:52', 37),
(244, '10', 'werwerwerwr', '2012-11-14 06:25:53', 37),
(245, '12', 'afaf', '2012-11-14 08:37:06', 0),
(246, '12', 'good shit', '2012-11-14 08:37:11', 0),
(247, '10', 'ada', '2012-11-14 08:41:25', NULL),
(248, '13', 'sdfsdf', '2012-11-14 09:26:52', 0),
(249, '13', 'dsfsdfsf', '2012-11-14 09:26:55', 0),
(250, '13', 'fucking awesome', '2012-11-14 09:27:03', 0),
(251, '13', '666', '2012-11-14 09:32:53', 0),
(252, '12', 'okk', '2012-11-14 10:41:07', 2),
(253, '13', 'ok', '2012-11-14 10:41:14', NULL),
(254, '13', 'sasada', '2012-11-14 10:41:21', 2),
(255, '13', 'where&#39;s my board', '2012-11-14 10:41:27', 2),
(256, '13', 'so what&#39;s going on here', '2012-11-14 10:59:54', 2),
(257, '13', 'no idea bruh', '2012-11-14 11:00:03', 2),
(258, '12', 'i wanna love', '2012-11-14 11:00:17', 2),
(259, '12', 'cool', '2012-11-14 11:26:53', 2),
(260, '12', 'nice', '2012-11-14 11:26:55', 2),
(261, '12', 'WTF', '2012-11-14 11:26:57', 2),
(262, '12', 'hahha', '2012-11-14 11:26:59', 2),
(263, '12', '#FML', '2012-11-14 11:27:11', 2),
(264, '13', 'w', '2012-11-14 16:36:05', 3),
(265, '13', 'wqeqweqwewqedq', '2012-11-14 16:36:10', 3),
(266, '14', 'coool', '2012-11-14 16:54:25', 6),
(267, '14', 'I&#39;m fuckiing awesome', '2012-11-14 16:54:31', 6),
(268, '14', 'haha', '2012-11-14 16:54:33', 6),
(269, '14', ':-)', '2012-11-14 16:54:35', 6),
(270, '12', 'this is awesome', '2012-11-14 16:54:44', 6),
(271, '12', 'hey', '2012-11-14 19:05:25', 0),
(272, '13', 'hey', '2012-11-14 19:06:59', 7),
(273, '12', 'what&#39;s up', '2012-11-14 19:07:12', 7),
(274, '13', 'alert(&#39;ddsd&#39;);', '2012-11-14 19:15:35', 7),
(275, '12', 'hey!!', '2012-11-14 19:24:59', 7),
(276, '12', '', '2012-11-14 22:44:40', 0),
(277, '12', 'eval(String.fromCharCode(60, 115, 99, 114, 10', '2012-11-14 22:44:46', 0),
(278, '12', '', '2012-11-14 22:44:53', 0),
(279, '12', 'alert(1);', '2012-11-14 22:45:01', 0),
(280, '12', '&#39;&#39;;!--&#34;=&{()}', '2012-11-14 22:45:07', 0),
(281, '12', '', '2012-11-14 22:45:13', 0),
(282, '12', '', '2012-11-14 22:45:19', 0),
(283, '12', '\\&#34;;alert(&#39;XSS&#39;);//', '2012-11-14 22:45:24', 0),
(284, '12', 'html;base64,PHNjcmlwdD5hbGVydCgnWFNTJyk8L3Njc', '2012-11-14 22:45:29', 0),
(285, '12', '', '2012-11-14 22:45:36', 0),
(286, '12', '', '2012-11-14 22:45:45', 0),
(287, '12', '', '2012-11-14 22:45:56', 0),
(288, '12', '', '2012-11-14 22:46:01', 0),
(289, '12', 'SCRIPT>&#39;&#34;-->', '2012-11-14 22:46:43', 0),
(290, '12', '&#39;&#39;;!--&#34;=&{()}', '2012-11-14 22:46:48', 0),
(291, '12', 'alert(1);', '2012-11-14 22:46:56', 0),
(292, '12', 'html;base64,PHNjcmlwdD5hbGVydCgnWFNTJyk8L3Njc', '2012-11-14 22:47:00', 0),
(293, '12', 'cfdfdsfvdcxvxsfc', '2012-11-14 23:20:52', 10),
(294, '13', 'ok', '2012-11-15 01:25:48', 12),
(295, '13', 'sdcs', '2012-11-15 02:44:35', 13),
(296, '12', 'wtf', '2012-11-15 11:22:30', 20),
(297, '13', 'this thing pisses me offf', '2012-11-15 11:22:44', 20);

-- --------------------------------------------------------

--
-- Table structure for table `game`
--

CREATE TABLE IF NOT EXISTS `game` (
  `gameId` int(11) NOT NULL AUTO_INCREMENT,
  `player0` int(4) NOT NULL,
  `player1` int(4) NOT NULL,
  `whoseTurn` int(1) NOT NULL DEFAULT '0',
  `player0_pieceID` varchar(255) DEFAULT NULL,
  `player1_pieceID` varchar(255) DEFAULT NULL,
  `player0_boardI` varchar(255) DEFAULT NULL,
  `player0_boardJ` varchar(255) DEFAULT NULL,
  `player1_boardI` varchar(255) DEFAULT NULL,
  `player1_boardJ` varchar(255) DEFAULT NULL,
  `last_updated` timestamp NOT NULL DEFAULT CURRENT_TIMESTAMP ON UPDATE CURRENT_TIMESTAMP,
  `board_state` text,
  PRIMARY KEY (`gameId`)
) ENGINE=InnoDB  DEFAULT CHARSET=latin1 AUTO_INCREMENT=21 ;

--
-- Dumping data for table `game`
--

INSERT INTO `game` (`gameId`, `player0`, `player1`, `whoseTurn`, `player0_pieceID`, `player1_pieceID`, `player0_boardI`, `player0_boardJ`, `player1_boardI`, `player1_boardJ`, `last_updated`, `board_state`) VALUES
(1, 13, 12, 0, NULL, NULL, NULL, NULL, NULL, NULL, '2012-11-14 08:41:19', NULL),
(2, 12, 13, 0, NULL, NULL, NULL, NULL, NULL, NULL, '2012-11-14 10:40:32', NULL),
(3, 12, 13, 0, NULL, NULL, NULL, NULL, NULL, NULL, '2012-11-14 16:35:31', NULL),
(4, 15, 11, 0, NULL, NULL, NULL, NULL, NULL, NULL, '2012-11-14 16:49:24', NULL),
(5, 12, 13, 0, NULL, NULL, NULL, NULL, NULL, NULL, '2012-11-14 16:51:52', NULL),
(6, 14, 12, 0, NULL, NULL, NULL, NULL, NULL, NULL, '2012-11-14 16:54:09', NULL),
(7, 13, 12, 0, NULL, NULL, NULL, NULL, NULL, NULL, '2012-11-14 19:06:39', NULL),
(8, 15, 12, 0, NULL, NULL, NULL, NULL, NULL, NULL, '2012-11-14 20:14:12', NULL),
(9, 15, 12, 0, NULL, NULL, NULL, NULL, NULL, NULL, '2012-11-14 21:15:14', NULL),
(10, 13, 12, 0, NULL, NULL, NULL, NULL, NULL, NULL, '2012-11-14 23:20:38', NULL),
(11, 13, 12, 0, NULL, NULL, NULL, NULL, NULL, NULL, '2012-11-15 00:35:59', NULL),
(12, 13, 12, 0, NULL, NULL, NULL, NULL, NULL, NULL, '2012-11-15 00:54:13', NULL),
(13, 13, 12, 0, NULL, NULL, NULL, NULL, NULL, NULL, '2012-11-15 02:17:13', NULL),
(14, 12, 15, 1, NULL, NULL, NULL, NULL, NULL, NULL, '2012-11-15 03:26:14', NULL),
(15, 12, 13, 1, NULL, NULL, NULL, NULL, NULL, NULL, '2012-11-15 03:35:30', NULL),
(16, 12, 15, 0, 'piece_0|20', NULL, '0', '0', NULL, NULL, '2012-11-15 04:34:06', NULL),
(17, 12, 13, 0, NULL, NULL, NULL, NULL, NULL, NULL, '2012-11-15 05:21:16', NULL),
(18, 12, 13, 1, NULL, NULL, NULL, NULL, NULL, NULL, '2012-11-15 08:06:39', NULL),
(19, 12, 13, 0, NULL, NULL, NULL, NULL, NULL, NULL, '2012-11-15 09:18:29', NULL),
(20, 12, 13, 0, 'piece_0|22', 'piece_1|21', '7', '7', '7', '1', '2012-11-15 11:21:31', '|0');

-- --------------------------------------------------------


-- --------------------------------------------------------

--
-- Table structure for table `user`
--

CREATE TABLE IF NOT EXISTS `user` (
  `id_user` int(11) NOT NULL AUTO_INCREMENT,
  `username` varchar(45) DEFAULT NULL,
  `nickname` varchar(45) DEFAULT NULL,
  `password` varchar(64) DEFAULT NULL,
  `email` varchar(45) DEFAULT NULL,
  `win` int(11) DEFAULT NULL,
  `loss` int(11) DEFAULT NULL,
  `status` tinyint(4) NOT NULL,
  `last_login` timestamp NOT NULL DEFAULT CURRENT_TIMESTAMP ON UPDATE CURRENT_TIMESTAMP,
  PRIMARY KEY (`id_user`)
) ENGINE=InnoDB  DEFAULT CHARSET=latin1 AUTO_INCREMENT=16 ;

--
-- Dumping data for table `user`
--

INSERT INTO `user` (`id_user`, `username`, `nickname`, `password`, `email`, `win`, `loss`, `status`, `last_login`) VALUES
(11, 'reggie', NULL, 'a665a45920422f9d417e4867efdc4fb8a04a1f3fff1fa07e998e86f7f7a27ae3', 'desulmj@sunyit.edu', NULL, NULL, -1, '2012-11-14 19:05:45'),
(12, 'admin', NULL, 'a665a45920422f9d417e4867efdc4fb8a04a1f3fff1fa07e998e86f7f7a27ae3', 'jdesulme@gmail.com', NULL, NULL, 34, '2012-11-15 10:59:48'),
(13, 'jean', NULL, 'a665a45920422f9d417e4867efdc4fb8a04a1f3fff1fa07e998e86f7f7a27ae3', 'jdesulme@gmail.com', NULL, NULL, -1, '2012-11-15 11:22:55'),
(14, 'andy', NULL, 'a665a45920422f9d417e4867efdc4fb8a04a1f3fff1fa07e998e86f7f7a27ae3', 'asfas@sdfsdf', NULL, NULL, -1, '2012-11-14 16:55:36'),
(15, 'babe', NULL, 'a665a45920422f9d417e4867efdc4fb8a04a1f3fff1fa07e998e86f7f7a27ae3', 'asfas@sdfsdf', NULL, NULL, 16, '2012-11-15 03:36:24');

/*!40101 SET CHARACTER_SET_CLIENT=@OLD_CHARACTER_SET_CLIENT */;
/*!40101 SET CHARACTER_SET_RESULTS=@OLD_CHARACTER_SET_RESULTS */;
/*!40101 SET COLLATION_CONNECTION=@OLD_COLLATION_CONNECTION */;
